"id","provider","plan_name","type","category","premium","coverage","term","features","badge"
"620","Bajaj Allianz","Two Wheeler Insurance - 2L","Motor","Car","1200","2.0 Lakhs","1 yr","[""Own damage + third party"","" add-ons""]","Common"
"621","Max Life","Two Wheeler Insurance - 50000","Motor","Car","1200","50000","1 yr","[""Own damage + third party"","" add-ons"","" Online""]","Common"
"622","SBI Life","eShield - 100L","Term Life","Protection","10152","1.0 Cr","10 yr","[""Online term plan""]","Trusted"
"623","ICICI Lombard","Complete Health Insurance - 10L","Health","Individual","2280","10.0 Lakhs","1 yr","[""Network hospitals"","" pre/post cover""]","Large network"
"624","Reliance General","Mera Term Plan - 50L","Term Life","Protection","4344","50.0 Lakhs","20 yr","[""Simple term cover""]","Retail"
"625","Star Health","Comprehensive Health Insurance - 10L","Health","Individual","1956","10.0 Lakhs","1 yr","[""Cashless network"","" waiting period""]","Top health"
"626","Reliance Life","Term Plan Plus - 50L","Term Life","Protection","5352","50.0 Lakhs","30 yr","[""Accidental death benefit optional""]","High claim settlement"
"627","ICICI Lombard","Complete Health Insurance - 20L","Health","Individual","4488","20.0 Lakhs","1 yr","[""Network hospitals"","" pre/post cover""]","Large network"
"628","SBI General","Digi Term - 20L","Term Life","Protection","2268","20.0 Lakhs","10 yr","[""Online purchase"","" basic term cover""]","Popular"
"629","ICICI Lombard","Health Guard - 3L","Health","Individual","1200","3.0 Lakhs","1 yr","[""Pre-post hospitalization""]","Popular"
"630","Oriental Insurance","Car Insurance - Private Car - 50000","Motor","Car","1200","50000","1 yr","[""Comprehensive and third-party""]","Public sector"
"631","SBI Life","eShield - 50L","Term Life","Protection","4884","50.0 Lakhs","20 yr","[""Online term plan""]","Trusted"
"632","Cigna TTK","Mera Term Plan - 5L","Term Life","Protection","1200","5.0 Lakhs","20 yr","[""Simple term cover"","" Online""]","Retail"
"633","HDFC Life","Car Insurance - 1L","Motor","Car","1200","1.0 Lakhs","1 yr","[""Add-ons"","" roadside assistance""]","Retail"
"634","Bajaj Allianz","Two Wheeler Insurance - 2L","Motor","Car","1200","2.0 Lakhs","1 yr","[""Own damage + third party"","" add-ons""]","Common"
"635","IFFCO Tokio","Term Plan Plus - 100L","Term Life","Protection","8712","1.0 Cr","25 yr","[""Accidental death benefit optional""]","High claim settlement"
"636","ICICI Lombard","Complete Health Insurance - 2L","Health","Individual","1200","2.0 Lakhs","1 yr","[""Network hospitals"","" pre/post cover"","" Online""]","Large network"
"637","Bajaj Allianz","Two Wheeler Insurance - 50000","Motor","Car","1200","50000","1 yr","[""Own damage + third party"","" add-ons""]","Common"
"638","ICICI Lombard","Complete Health Insurance - 20L","Health","Individual","4440","20.0 Lakhs","1 yr","[""Network hospitals"","" pre/post cover"","" Online""]","Large network"
"639","Tata AIG","Gap Protect - 5L","Health","Individual","1200","5.0 Lakhs","1 yr","[""Top-up over base policy"","" Online""]","Supplementary"
"640","ICICI Prudential","iProtect Smart - 20L","Term Life","Protection","1812","20.0 Lakhs","30 yr","[""Optional CI"","" accidental cover"","" Online""]","Featured"
"641","Bajaj Allianz","Two Wheeler Insurance - 5L","Motor","Car","2748","5.0 Lakhs","1 yr","[""Own damage + third party"","" add-ons""]","Common"
"642","ICICI Prudential","iProtect Smart - 100L","Term Life","Protection","10704","1.0 Cr","10 yr","[""Optional CI"","" accidental cover"","" Online""]","Featured"
"643","Tata AIG","Gap Protect - 5L","Health","Individual","1200","5.0 Lakhs","1 yr","[""Top-up over base policy""]","Supplementary"
"644","HDFC Life","Click 2 Protect Term - 50L","Term Life","Protection","6312","50.0 Lakhs","10 yr","[""Critical illness rider"","" online"","" Online""]","Top seller"
"645","Bharti AXA","Health Guard - 5L","Health","Individual","1416","5.0 Lakhs","1 yr","[""Pre-post hospitalization""]","Popular"
"646","SBI General","eShield - 10L","Term Life","Protection","1236","10.0 Lakhs","20 yr","[""Online term plan""]","Trusted"
"647","Kotak Life","Health Guard - 2L","Health","Individual","1200","2.0 Lakhs","1 yr","[""Pre-post hospitalization""]","Popular"
"648","Tata AIG","Car Insurance - 5L","Motor","Car","2100","5.0 Lakhs","1 yr","[""Add-ons"","" roadside assistance""]","Retail"
"649","LIC","Digi Term - 5L","Term Life","Protection","1200","5.0 Lakhs","20 yr","[""Online purchase"","" basic term cover"","" Online""]","Popular"
"650","Bajaj Allianz","Health Guard - 3L","Health","Individual","1200","3.0 Lakhs","1 yr","[""Pre-post hospitalization""]","Popular"
"651","Bajaj Allianz","Health Guard - 10L","Health","Individual","2004","10.0 Lakhs","1 yr","[""Pre-post hospitalization"","" Online""]","Popular"
"652","Care Health","Care Freedom - 10L","Health","Individual","2592","10.0 Lakhs","1 yr","[""No sub-limits"","" wide network"","" Online""]","Popular"
"653","Bajaj Allianz","Two Wheeler Insurance - 50000","Motor","Car","1200","50000","1 yr","[""Own damage + third party"","" add-ons""]","Common"
"654","HDFC Life","Click 2 Protect Term - 10L","Term Life","Protection","1200","10.0 Lakhs","30 yr","[""Critical illness rider"","" online"","" Online""]","Top seller"
"655","Bajaj Allianz","Health Guard - 2L","Health","Individual","1200","2.0 Lakhs","1 yr","[""Pre-post hospitalization""]","Popular"
"656","HDFC Life","Click 2 Protect Term - 100L","Term Life","Protection","11592","1.0 Cr","10 yr","[""Critical illness rider"","" online""]","Top seller"
"657","ICICI Prudential","iProtect Smart - 50L","Term Life","Protection","6180","50.0 Lakhs","15 yr","[""Optional CI"","" accidental cover"","" Online""]","Featured"
"658","Edelweiss Tokio","Digi Term - 50L","Term Life","Protection","5628","50.0 Lakhs","20 yr","[""Online purchase"","" basic term cover""]","Popular"
"659","PNB MetLife","Mera Term Plan - 50L","Term Life","Protection","4488","50.0 Lakhs","15 yr","[""Simple term cover""]","Retail"
"660","Apollo Munich (Niva)","Car Insurance - 2L","Motor","Car","1200","2.0 Lakhs","1 yr","[""Add-ons"","" roadside assistance""]","Retail"
"661","Bharti AXA","Gap Protect - 2L","Health","Individual","1200","2.0 Lakhs","1 yr","[""Top-up over base policy"","" Online""]","Supplementary"
"662","Tata AIG","Car Insurance - 1L","Motor","Car","1200","1.0 Lakhs","1 yr","[""Add-ons"","" roadside assistance""]","Retail"
"663","SBI Life","eShield - 5L","Term Life","Protection","1200","5.0 Lakhs","30 yr","[""Online term plan""]","Trusted"
"664","ICICI Lombard","Complete Health Insurance - 5L","Health","Individual","1200","5.0 Lakhs","1 yr","[""Network hospitals"","" pre/post cover""]","Large network"
"665","Max Life","Term Plan Plus - 20L","Term Life","Protection","2268","20.0 Lakhs","25 yr","[""Accidental death benefit optional""]","High claim settlement"
"666","LIC","Digi Term - 100L","Term Life","Protection","10116","1.0 Cr","10 yr","[""Online purchase"","" basic term cover""]","Popular"
"667","Tata AIG","iProtect Smart - 5L","Term Life","Protection","1200","5.0 Lakhs","15 yr","[""Optional CI"","" accidental cover""]","Featured"
"668","New India Assurance","Complete Health Insurance - 20L","Health","Individual","4416","20.0 Lakhs","1 yr","[""Network hospitals"","" pre/post cover""]","Large network"
"669","Universal Sompo","Gap Protect - 3L","Health","Individual","1200","3.0 Lakhs","1 yr","[""Top-up over base policy"","" Online""]","Supplementary"
"670","ICICI Lombard","Complete Health Insurance - 5L","Health","Individual","1200","5.0 Lakhs","1 yr","[""Network hospitals"","" pre/post cover""]","Large network"
"671","Edelweiss Tokio","Two Wheeler Insurance - 5L","Motor","Car","2580","5.0 Lakhs","1 yr","[""Own damage + third party"","" add-ons""]","Common"
"672","LIC","Digi Term - 50L","Term Life","Protection","3852","50.0 Lakhs","20 yr","[""Online purchase"","" basic term cover""]","Popular"
"673","Bharti AXA","Two Wheeler Insurance - 3L","Motor","Car","2016","3.0 Lakhs","1 yr","[""Own damage + third party"","" add-ons""]","Common"
"674","HDFC Life","Click 2 Protect Term - 10L","Term Life","Protection","1200","10.0 Lakhs","30 yr","[""Critical illness rider"","" online""]","Top seller"
"675","ICICI Prudential","iProtect Smart - 5L","Term Life","Protection","1200","5.0 Lakhs","20 yr","[""Optional CI"","" accidental cover""]","Featured"
"676","Kotak Life","Kotak Term Life - 20L","Term Life","Protection","2064","20.0 Lakhs","15 yr","[""Riders"","" online buy""]","Retail"
"677","IFFCO Tokio","Complete Health Insurance - 20L","Health","Individual","4680","20.0 Lakhs","1 yr","[""Network hospitals"","" pre/post cover""]","Large network"
"678","Kotak Life","Kotak Term Life - 10L","Term Life","Protection","1200","10.0 Lakhs","25 yr","[""Riders"","" online buy""]","Retail"
"679","SBI Life","Mera Term Plan - 10L","Term Life","Protection","1200","10.0 Lakhs","20 yr","[""Simple term cover"","" Online""]","Retail"
"680","Kotak Life","Kotak Term Life - 50L","Term Life","Protection","5460","50.0 Lakhs","15 yr","[""Riders"","" online buy""]","Retail"
"681","Star Health","Term Plan Plus - 10L","Term Life","Protection","1200","10.0 Lakhs","15 yr","[""Accidental death benefit optional""]","High claim settlement"
"682","Universal Sompo","Term Plan Plus - 20L","Term Life","Protection","2100","20.0 Lakhs","20 yr","[""Accidental death benefit optional""]","High claim settlement"
"683","ICICI Lombard","Complete Health Insurance - 2L","Health","Individual","1200","2.0 Lakhs","1 yr","[""Network hospitals"","" pre/post cover"","" Online""]","Large network"
"684","Edelweiss Tokio","Car Insurance - 50000","Motor","Car","1200","50000","1 yr","[""Add-ons"","" roadside assistance""]","Retail"
"685","PNB MetLife","Mera Term Plan - 100L","Term Life","Protection","8664","1.0 Cr","30 yr","[""Simple term cover""]","Retail"
"686","Max Life","Term Plan Plus - 50L","Term Life","Protection","6660","50.0 Lakhs","10 yr","[""Accidental death benefit optional""]","High claim settlement"
"687","Reliance Life","Car Insurance - Private Car - 1L","Motor","Car","1200","1.0 Lakhs","1 yr","[""Comprehensive and third-party""]","Public sector"
"688","Tata AIG","Gap Protect - 5L","Health","Individual","1272","5.0 Lakhs","1 yr","[""Top-up over base policy""]","Supplementary"
"689","Max Life","Term Plan Plus - 50L","Term Life","Protection","5628","50.0 Lakhs","20 yr","[""Accidental death benefit optional""]","High claim settlement"
"690","SBI Life","eShield - 50L","Term Life","Protection","5748","50.0 Lakhs","15 yr","[""Online term plan""]","Trusted"
"691","Kotak Life","Kotak Term Life - 20L","Term Life","Protection","2376","20.0 Lakhs","15 yr","[""Riders"","" online buy""]","Retail"
"692","Star Health","Comprehensive Health Insurance - 10L","Health","Individual","2400","10.0 Lakhs","1 yr","[""Cashless network"","" waiting period""]","Top health"
"693","Reliance Life","Gap Protect - 3L","Health","Individual","1200","3.0 Lakhs","1 yr","[""Top-up over base policy""]","Supplementary"
"694","Axis Life","Two Wheeler Insurance - 1L","Motor","Car","1200","1.0 Lakhs","1 yr","[""Own damage + third party"","" add-ons""]","Common"
"695","ICICI Prudential","iProtect Smart - 10L","Term Life","Protection","1200","10.0 Lakhs","25 yr","[""Optional CI"","" accidental cover"","" Online""]","Featured"
"696","National Insurance","Care Freedom - 3L","Health","Individual","1200","3.0 Lakhs","1 yr","[""No sub-limits"","" wide network""]","Popular"
"697","SBI Life","eShield - 5L","Term Life","Protection","1200","5.0 Lakhs","10 yr","[""Online term plan""]","Trusted"
"698","New India Assurance","Car Insurance - Private Car - 50000","Motor","Car","1200","50000","1 yr","[""Comprehensive and third-party""]","Public sector"
"699","Bajaj Allianz","Health Guard - 10L","Health","Individual","2724","10.0 Lakhs","1 yr","[""Pre-post hospitalization""]","Popular"
"700","Tata AIG","Comprehensive Health Insurance - 10L","Health","Individual","2784","10.0 Lakhs","1 yr","[""Cashless network"","" waiting period""]","Top health"
"701","Max Life","Care Freedom - 10L","Health","Individual","2268","10.0 Lakhs","1 yr","[""No sub-limits"","" wide network""]","Popular"
"702","Shriram Life","Term Plan Plus - 20L","Term Life","Protection","2088","20.0 Lakhs","30 yr","[""Accidental death benefit optional"","" Online""]","High claim settlement"
"703","Cigna TTK","Click 2 Protect Term - 20L","Term Life","Protection","2292","20.0 Lakhs","20 yr","[""Critical illness rider"","" online"","" Online""]","Top seller"
"704","ICICI Prudential","iProtect Smart - 10L","Term Life","Protection","1200","10.0 Lakhs","15 yr","[""Optional CI"","" accidental cover""]","Featured"
"705","Bajaj Allianz","Health Guard - 3L","Health","Individual","1200","3.0 Lakhs","1 yr","[""Pre-post hospitalization""]","Popular"
"706","New India Assurance","Car Insurance - Private Car - 5L","Motor","Car","2820","5.0 Lakhs","1 yr","[""Comprehensive and third-party""]","Public sector"
"707","Star Health","Term Plan Plus - 50L","Term Life","Protection","5808","50.0 Lakhs","30 yr","[""Accidental death benefit optional""]","High claim settlement"
"708","Bajaj Allianz","Health Guard - 10L","Health","Individual","1872","10.0 Lakhs","1 yr","[""Pre-post hospitalization""]","Popular"
"709","Reliance Life","Two Wheeler Insurance - 1L","Motor","Car","1200","1.0 Lakhs","1 yr","[""Own damage + third party"","" add-ons""]","Common"
"710","ICICI Lombard","Complete Health Insurance - 10L","Health","Individual","2544","10.0 Lakhs","1 yr","[""Network hospitals"","" pre/post cover"","" Online""]","Large network"
"711","Bajaj Allianz","Two Wheeler Insurance - 3L","Motor","Car","1284","3.0 Lakhs","1 yr","[""Own damage + third party"","" add-ons""]","Common"
"712","SBI Life","eShield - 20L","Term Life","Protection","2136","20.0 Lakhs","25 yr","[""Online term plan""]","Trusted"
"713","LIC","Term Plan Plus - 5L","Term Life","Protection","1200","5.0 Lakhs","30 yr","[""Accidental death benefit optional""]","High claim settlement"
"714","Bajaj Allianz","Two Wheeler Insurance - 50000","Motor","Car","1200","50000","1 yr","[""Own damage + third party"","" add-ons"","" Online""]","Common"
"715","Cigna TTK","Digi Term - 10L","Term Life","Protection","1200","10.0 Lakhs","25 yr","[""Online purchase"","" basic term cover"","" Online""]","Popular"
"716","New India Assurance","Car Insurance - Private Car - 2L","Motor","Car","1200","2.0 Lakhs","1 yr","[""Comprehensive and third-party""]","Public sector"
"717","New India Assurance","Car Insurance - Private Car - 1L","Motor","Car","1200","1.0 Lakhs","1 yr","[""Comprehensive and third-party"","" Online""]","Public sector"
"718","Max Life","Term Plan Plus - 50L","Term Life","Protection","3888","50.0 Lakhs","25 yr","[""Accidental death benefit optional""]","High claim settlement"
"719","Bajaj Allianz","Two Wheeler Insurance - 2L","Motor","Car","1284","2.0 Lakhs","1 yr","[""Own damage + third party"","" add-ons"","" Online""]","Common"
"720","ICICI Lombard","Car Insurance - 5L","Motor","Car","3024","5.0 Lakhs","1 yr","[""Add-ons"","" roadside assistance"","" Online""]","Retail"
"721","Bajaj Allianz","Two Wheeler Insurance - 3L","Motor","Car","1452","3.0 Lakhs","1 yr","[""Own damage + third party"","" add-ons""]","Common"
"722","Kotak Life","Two Wheeler Insurance - 1L","Motor","Car","1200","1.0 Lakhs","1 yr","[""Own damage + third party"","" add-ons""]","Common"
"723","Bajaj Allianz","Two Wheeler Insurance - 5L","Motor","Car","2808","5.0 Lakhs","1 yr","[""Own damage + third party"","" add-ons""]","Common"
"724","Tata AIG","Car Insurance - 1L","Motor","Car","1200","1.0 Lakhs","1 yr","[""Add-ons"","" roadside assistance""]","Retail"
"725","PNB MetLife","Mera Term Plan - 100L","Term Life","Protection","8004","1.0 Cr","25 yr","[""Simple term cover""]","Retail"
"726","ICICI Prudential","iProtect Smart - 20L","Term Life","Protection","1824","20.0 Lakhs","20 yr","[""Optional CI"","" accidental cover""]","Featured"
"727","Tata AIG","Gap Protect - 2L","Health","Individual","1200","2.0 Lakhs","1 yr","[""Top-up over base policy"","" Online""]","Supplementary"
"728","New India Assurance","Car Insurance - Private Car - 5L","Motor","Car","2784","5.0 Lakhs","1 yr","[""Comprehensive and third-party""]","Public sector"
"729","Bajaj Allianz","Health Guard - 2L","Health","Individual","1200","2.0 Lakhs","1 yr","[""Pre-post hospitalization""]","Popular"
"730","SBI Life","eShield - 100L","Term Life","Protection","10680","1.0 Cr","20 yr","[""Online term plan""]","Trusted"
"731","New India Assurance","Car Insurance - Private Car - 2L","Motor","Car","1224","2.0 Lakhs","1 yr","[""Comprehensive and third-party""]","Public sector"
"732","SBI Life","eShield - 10L","Term Life","Protection","1200","10.0 Lakhs","20 yr","[""Online term plan""]","Trusted"
"733","New India Assurance","Car Insurance - Private Car - 1L","Motor","Car","1200","1.0 Lakhs","1 yr","[""Comprehensive and third-party""]","Public sector"
"734","PNB MetLife","Mera Term Plan - 20L","Term Life","Protection","1836","20.0 Lakhs","10 yr","[""Simple term cover""]","Retail"
"735","Max Life","Term Plan Plus - 100L","Term Life","Protection","8460","1.0 Cr","15 yr","[""Accidental death benefit optional"","" Online""]","High claim settlement"
"736","Bajaj Allianz General","Term Plan Plus - 50L","Term Life","Protection","5124","50.0 Lakhs","10 yr","[""Accidental death benefit optional""]","High claim settlement"
"737","Bajaj Allianz","Health Guard - 2L","Health","Individual","1200","2.0 Lakhs","1 yr","[""Pre-post hospitalization""]","Popular"
"738","Kotak Life","Kotak Term Life - 50L","Term Life","Protection","6012","50.0 Lakhs","10 yr","[""Riders"","" online buy"","" Online""]","Retail"
"739","Universal Sompo","iProtect Smart - 20L","Term Life","Protection","1704","20.0 Lakhs","10 yr","[""Optional CI"","" accidental cover""]","Featured"
"740","Tata AIG","Car Insurance - 5L","Motor","Car","2868","5.0 Lakhs","1 yr","[""Add-ons"","" roadside assistance""]","Retail"
"741","Tata AIG","Gap Protect - 20L","Health","Individual","3516","20.0 Lakhs","1 yr","[""Top-up over base policy""]","Supplementary"
"742","Bajaj Allianz","Car Insurance - 1L","Motor","Car","1200","1.0 Lakhs","1 yr","[""Add-ons"","" roadside assistance""]","Retail"
"743","ICICI Prudential","iProtect Smart - 100L","Term Life","Protection","8088","1.0 Cr","10 yr","[""Optional CI"","" accidental cover""]","Featured"
"744","Tata AIG","Car Insurance - 50000","Motor","Car","1200","50000","1 yr","[""Add-ons"","" roadside assistance"","" Online""]","Retail"
"745","Kotak Life","Kotak Term Life - 10L","Term Life","Protection","1200","10.0 Lakhs","20 yr","[""Riders"","" online buy""]","Retail"
"746","Care Health","Care Freedom - 3L","Health","Individual","1200","3.0 Lakhs","1 yr","[""No sub-limits"","" wide network"","" Online""]","Popular"
"747","ICICI Prudential","iProtect Smart - 10L","Term Life","Protection","1200","10.0 Lakhs","20 yr","[""Optional CI"","" accidental cover""]","Featured"
"748","Max Life","Term Plan Plus - 50L","Term Life","Protection","6120","50.0 Lakhs","20 yr","[""Accidental death benefit optional""]","High claim settlement"
"749","Bajaj Allianz","Health Guard - 20L","Health","Individual","4764","20.0 Lakhs","1 yr","[""Pre-post hospitalization""]","Popular"
"750","Tata AIG","Car Insurance - 50000","Motor","Car","1200","50000","1 yr","[""Add-ons"","" roadside assistance""]","Retail"
"751","Tata AIG","Car Insurance - 50000","Motor","Car","1200","50000","1 yr","[""Add-ons"","" roadside assistance""]","Retail"
"752","LIC","Mera Term Plan - 100L","Term Life","Protection","8568","1.0 Cr","25 yr","[""Simple term cover""]","Retail"
"753","Axis Life","Two Wheeler Insurance - 3L","Motor","Car","1644","3.0 Lakhs","1 yr","[""Own damage + third party"","" add-ons""]","Common"
"754","HDFC Life","Click 2 Protect Term - 50L","Term Life","Protection","5184","50.0 Lakhs","25 yr","[""Critical illness rider"","" online""]","Top seller"
"755","PNB MetLife","Mera Term Plan - 50L","Term Life","Protection","4740","50.0 Lakhs","10 yr","[""Simple term cover"","" Online""]","Retail"
"756","PNB MetLife","Mera Term Plan - 100L","Term Life","Protection","11304","1.0 Cr","10 yr","[""Simple term cover"","" Online""]","Retail"
"757","ICICI Lombard","Complete Health Insurance - 10L","Health","Individual","2640","10.0 Lakhs","1 yr","[""Network hospitals"","" pre/post cover"","" Online""]","Large network"
"758","Max Life","Term Plan Plus - 20L","Term Life","Protection","1740","20.0 Lakhs","25 yr","[""Accidental death benefit optional""]","High claim settlement"
"759","Reliance General","Car Insurance - 1L","Motor","Car","1200","1.0 Lakhs","1 yr","[""Add-ons"","" roadside assistance""]","Retail"
"760","HDFC Life","Click 2 Protect Term - 5L","Term Life","Protection","1200","5.0 Lakhs","25 yr","[""Critical illness rider"","" online"","" Online""]","Top seller"
"761","Max Bupa (Care)","Gap Protect - 5L","Health","Individual","1200","5.0 Lakhs","1 yr","[""Top-up over base policy""]","Supplementary"
"762","SBI Life","eShield - 10L","Term Life","Protection","1200","10.0 Lakhs","25 yr","[""Online term plan""]","Trusted"
"763","Tata AIG","Gap Protect - 2L","Health","Individual","1200","2.0 Lakhs","1 yr","[""Top-up over base policy""]","Supplementary"
"764","Max Bupa (Care)","Comprehensive Health Insurance - 5L","Health","Individual","1200","5.0 Lakhs","1 yr","[""Cashless network"","" waiting period"","" Online""]","Top health"
"765","Tata AIG","Car Insurance - 3L","Motor","Car","1524","3.0 Lakhs","1 yr","[""Add-ons"","" roadside assistance""]","Retail"
"766","Star Health","Comprehensive Health Insurance - 20L","Health","Individual","4488","20.0 Lakhs","1 yr","[""Cashless network"","" waiting period""]","Top health"
"767","Cigna TTK","eShield - 100L","Term Life","Protection","10548","1.0 Cr","25 yr","[""Online term plan""]","Trusted"
"768","Reliance General","Comprehensive Health Insurance - 10L","Health","Individual","2700","10.0 Lakhs","1 yr","[""Cashless network"","" waiting period""]","Top health"
"769","LIC","Two Wheeler Insurance - 50000","Motor","Car","1200","50000","1 yr","[""Own damage + third party"","" add-ons""]","Common"
"770","Kotak Life","Kotak Term Life - 50L","Term Life","Protection","6624","50.0 Lakhs","10 yr","[""Riders"","" online buy"","" Online""]","Retail"
"771","ICICI Prudential","iProtect Smart - 10L","Term Life","Protection","1212","10.0 Lakhs","10 yr","[""Optional CI"","" accidental cover"","" Online""]","Featured"
"772","Oriental Insurance","Car Insurance - 50000","Motor","Car","1200","50000","1 yr","[""Add-ons"","" roadside assistance""]","Retail"
"773","Oriental Insurance","Care Freedom - 10L","Health","Individual","2052","10.0 Lakhs","1 yr","[""No sub-limits"","" wide network"","" Online""]","Popular"
"774","Future Generali","Two Wheeler Insurance - 1L","Motor","Car","1200","1.0 Lakhs","1 yr","[""Own damage + third party"","" add-ons""]","Common"
"775","Star Health","Mera Term Plan - 5L","Term Life","Protection","1200","5.0 Lakhs","25 yr","[""Simple term cover""]","Retail"
"776","LIC","Digi Term - 5L","Term Life","Protection","1200","5.0 Lakhs","20 yr","[""Online purchase"","" basic term cover"","" Online""]","Popular"
"777","ICICI Lombard","Complete Health Insurance - 3L","Health","Individual","1200","3.0 Lakhs","1 yr","[""Network hospitals"","" pre/post cover""]","Large network"
"778","Cigna TTK","Care Freedom - 10L","Health","Individual","2148","10.0 Lakhs","1 yr","[""No sub-limits"","" wide network""]","Popular"
"779","Max Life","Term Plan Plus - 5L","Term Life","Protection","1200","5.0 Lakhs","25 yr","[""Accidental death benefit optional"","" Online""]","High claim settlement"
"780","National Insurance","Health Guard - 5L","Health","Individual","1584","5.0 Lakhs","1 yr","[""Pre-post hospitalization""]","Popular"
"781","Care Health","Health Guard - 10L","Health","Individual","1932","10.0 Lakhs","1 yr","[""Pre-post hospitalization""]","Popular"
"782","Star Health","Comprehensive Health Insurance - 5L","Health","Individual","1224","5.0 Lakhs","1 yr","[""Cashless network"","" waiting period""]","Top health"
"783","Max Life","Term Plan Plus - 5L","Term Life","Protection","1200","5.0 Lakhs","30 yr","[""Accidental death benefit optional""]","High claim settlement"
"784","New India Assurance","Mera Term Plan - 20L","Term Life","Protection","2040","20.0 Lakhs","15 yr","[""Simple term cover""]","Retail"
"785","PNB MetLife","Car Insurance - Private Car - 1L","Motor","Car","1200","1.0 Lakhs","1 yr","[""Comprehensive and third-party""]","Public sector"
"786","LIC","Digi Term - 50L","Term Life","Protection","5436","50.0 Lakhs","10 yr","[""Online purchase"","" basic term cover"","" Online""]","Popular"
"787","Tata AIG","Gap Protect - 10L","Health","Individual","1524","10.0 Lakhs","1 yr","[""Top-up over base policy""]","Supplementary"
"788","Max Bupa (Care)","Gap Protect - 20L","Health","Individual","4092","20.0 Lakhs","1 yr","[""Top-up over base policy"","" Online""]","Supplementary"
"789","Universal Sompo","Kotak Term Life - 20L","Term Life","Protection","1872","20.0 Lakhs","20 yr","[""Riders"","" online buy"","" Online""]","Retail"
"790","Star Health","Mera Term Plan - 50L","Term Life","Protection","4008","50.0 Lakhs","30 yr","[""Simple term cover""]","Retail"
"791","Max Life","Term Plan Plus - 50L","Term Life","Protection","5160","50.0 Lakhs","20 yr","[""Accidental death benefit optional""]","High claim settlement"
"792","Star Health","Comprehensive Health Insurance - 3L","Health","Individual","1200","3.0 Lakhs","1 yr","[""Cashless network"","" waiting period""]","Top health"
"793","ICICI Lombard","Complete Health Insurance - 20L","Health","Individual","4380","20.0 Lakhs","1 yr","[""Network hospitals"","" pre/post cover""]","Large network"
"794","Future Generali","Health Guard - 10L","Health","Individual","1788","10.0 Lakhs","1 yr","[""Pre-post hospitalization""]","Popular"
"795","Bajaj Allianz","Term Plan Plus - 5L","Term Life","Protection","1200","5.0 Lakhs","15 yr","[""Accidental death benefit optional""]","High claim settlement"
"796","Reliance General","Two Wheeler Insurance - 5L","Motor","Car","2940","5.0 Lakhs","1 yr","[""Own damage + third party"","" add-ons""]","Common"
"797","Tata AIG","Gap Protect - 2L","Health","Individual","1200","2.0 Lakhs","1 yr","[""Top-up over base policy""]","Supplementary"
"798","Max Life","Term Plan Plus - 20L","Term Life","Protection","2100","20.0 Lakhs","15 yr","[""Accidental death benefit optional"","" Online""]","High claim settlement"
"799","Star Health","Comprehensive Health Insurance - 5L","Health","Individual","1428","5.0 Lakhs","1 yr","[""Cashless network"","" waiting period""]","Top health"
"800","LIC","Digi Term - 10L","Term Life","Protection","1200","10.0 Lakhs","10 yr","[""Online purchase"","" basic term cover"","" Online""]","Popular"
"801","Bajaj Allianz","Two Wheeler Insurance - 50000","Motor","Car","1200","50000","1 yr","[""Own damage + third party"","" add-ons"","" Online""]","Common"
"802","Care Health","iProtect Smart - 5L","Term Life","Protection","1200","5.0 Lakhs","30 yr","[""Optional CI"","" accidental cover""]","Featured"
"803","SBI Life","eShield - 10L","Term Life","Protection","1200","10.0 Lakhs","30 yr","[""Online term plan""]","Trusted"
"804","ICICI Prudential","iProtect Smart - 10L","Term Life","Protection","1200","10.0 Lakhs","10 yr","[""Optional CI"","" accidental cover""]","Featured"
"805","PNB MetLife","Mera Term Plan - 20L","Term Life","Protection","1812","20.0 Lakhs","10 yr","[""Simple term cover"","" Online""]","Retail"
"806","Care Health","Care Freedom - 2L","Health","Individual","1200","2.0 Lakhs","1 yr","[""No sub-limits"","" wide network""]","Popular"
"807","Tata AIG","Car Insurance - 5L","Motor","Car","3036","5.0 Lakhs","1 yr","[""Add-ons"","" roadside assistance"","" Online""]","Retail"
"808","PNB MetLife","Mera Term Plan - 100L","Term Life","Protection","11040","1.0 Cr","20 yr","[""Simple term cover"","" Online""]","Retail"
"809","IFFCO Tokio","Health Guard - 2L","Health","Individual","1200","2.0 Lakhs","1 yr","[""Pre-post hospitalization""]","Popular"
"810","Tata AIG","Gap Protect - 20L","Health","Individual","2880","20.0 Lakhs","1 yr","[""Top-up over base policy"","" Online""]","Supplementary"
"811","Bajaj Allianz","Two Wheeler Insurance - 2L","Motor","Car","1356","2.0 Lakhs","1 yr","[""Own damage + third party"","" add-ons""]","Common"
"812","Bajaj Allianz","Health Guard - 10L","Health","Individual","2304","10.0 Lakhs","1 yr","[""Pre-post hospitalization"","" Online""]","Popular"
"813","SBI General","Two Wheeler Insurance - 5L","Motor","Car","3540","5.0 Lakhs","1 yr","[""Own damage + third party"","" add-ons""]","Common"
"814","Tata AIG","Gap Protect - 5L","Health","Individual","1200","5.0 Lakhs","1 yr","[""Top-up over base policy""]","Supplementary"
"815","Star Health","Comprehensive Health Insurance - 5L","Health","Individual","1272","5.0 Lakhs","1 yr","[""Cashless network"","" waiting period""]","Top health"
"816","Bajaj Allianz","Health Guard - 2L","Health","Individual","1200","2.0 Lakhs","1 yr","[""Pre-post hospitalization""]","Popular"
"817","Max Life","Comprehensive Health Insurance - 2L","Health","Individual","1200","2.0 Lakhs","1 yr","[""Cashless network"","" waiting period""]","Top health"
"818","Bajaj Allianz","Two Wheeler Insurance - 2L","Motor","Car","1452","2.0 Lakhs","1 yr","[""Own damage + third party"","" add-ons""]","Common"
"819","Universal Sompo","Gap Protect - 5L","Health","Individual","1200","5.0 Lakhs","1 yr","[""Top-up over base policy"","" Online""]","Supplementary"
"820","ICICI Lombard","Complete Health Insurance - 10L","Health","Individual","2352","10.0 Lakhs","1 yr","[""Network hospitals"","" pre/post cover""]","Large network"
"821","ICICI Lombard","Complete Health Insurance - 5L","Health","Individual","1200","5.0 Lakhs","1 yr","[""Network hospitals"","" pre/post cover""]","Large network"
"822","Shriram Life","Complete Health Insurance - 20L","Health","Individual","5316","20.0 Lakhs","1 yr","[""Network hospitals"","" pre/post cover""]","Large network"
"823","Shriram Life","Car Insurance - 2L","Motor","Car","1200","2.0 Lakhs","1 yr","[""Add-ons"","" roadside assistance""]","Retail"
"824","ICICI Lombard","Term Plan Plus - 5L","Term Life","Protection","1200","5.0 Lakhs","15 yr","[""Accidental death benefit optional""]","High claim settlement"
"825","Aditya Birla Health","iProtect Smart - 5L","Term Life","Protection","1200","5.0 Lakhs","30 yr","[""Optional CI"","" accidental cover""]","Featured"
"826","ICICI Prudential","iProtect Smart - 20L","Term Life","Protection","1752","20.0 Lakhs","30 yr","[""Optional CI"","" accidental cover"","" Online""]","Featured"
"827","Apollo Munich (Niva)","iProtect Smart - 5L","Term Life","Protection","1200","5.0 Lakhs","20 yr","[""Optional CI"","" accidental cover""]","Featured"
"828","Bajaj Allianz","Health Guard - 3L","Health","Individual","1200","3.0 Lakhs","1 yr","[""Pre-post hospitalization""]","Popular"
"829","National Insurance","Term Plan Plus - 50L","Term Life","Protection","3936","50.0 Lakhs","30 yr","[""Accidental death benefit optional""]","High claim settlement"
"830","Tata AIG","Car Insurance - 1L","Motor","Car","1200","1.0 Lakhs","1 yr","[""Add-ons"","" roadside assistance""]","Retail"
"831","PNB MetLife","Mera Term Plan - 20L","Term Life","Protection","1992","20.0 Lakhs","10 yr","[""Simple term cover""]","Retail"
"832","ICICI Prudential","iProtect Smart - 10L","Term Life","Protection","1200","10.0 Lakhs","30 yr","[""Optional CI"","" accidental cover""]","Featured"
"833","HDFC Life","Click 2 Protect Term - 5L","Term Life","Protection","1200","5.0 Lakhs","25 yr","[""Critical illness rider"","" online"","" Online""]","Top seller"
"834","Star Health","Comprehensive Health Insurance - 20L","Health","Individual","4932","20.0 Lakhs","1 yr","[""Cashless network"","" waiting period""]","Top health"
"835","HDFC Life","Click 2 Protect Term - 20L","Term Life","Protection","2208","20.0 Lakhs","15 yr","[""Critical illness rider"","" online""]","Top seller"
"836","Star Health","Comprehensive Health Insurance - 2L","Health","Individual","1200","2.0 Lakhs","1 yr","[""Cashless network"","" waiting period""]","Top health"
"837","HDFC Life","Click 2 Protect Term - 20L","Term Life","Protection","1776","20.0 Lakhs","20 yr","[""Critical illness rider"","" online"","" Online""]","Top seller"
"838","Max Bupa (Care)","Complete Health Insurance - 20L","Health","Individual","4788","20.0 Lakhs","1 yr","[""Network hospitals"","" pre/post cover""]","Large network"
"839","Oriental Insurance","Car Insurance - Private Car - 1L","Motor","Car","1200","1.0 Lakhs","1 yr","[""Comprehensive and third-party"","" Online""]","Public sector"
"840","SBI General","iProtect Smart - 5L","Term Life","Protection","1200","5.0 Lakhs","15 yr","[""Optional CI"","" accidental cover""]","Featured"
"841","Tata AIG","Car Insurance - 5L","Motor","Car","3276","5.0 Lakhs","1 yr","[""Add-ons"","" roadside assistance""]","Retail"
"842","HDFC Life","Kotak Term Life - 10L","Term Life","Protection","1200","10.0 Lakhs","25 yr","[""Riders"","" online buy""]","Retail"
"843","PNB MetLife","Mera Term Plan - 5L","Term Life","Protection","1200","5.0 Lakhs","20 yr","[""Simple term cover""]","Retail"
"844","LIC","Digi Term - 20L","Term Life","Protection","2076","20.0 Lakhs","10 yr","[""Online purchase"","" basic term cover""]","Popular"
"845","Bajaj Allianz","Health Guard - 2L","Health","Individual","1200","2.0 Lakhs","1 yr","[""Pre-post hospitalization""]","Popular"
"846","SBI Life","eShield - 50L","Term Life","Protection","5316","50.0 Lakhs","30 yr","[""Online term plan""]","Trusted"
"847","HDFC Life","Mera Term Plan - 5L","Term Life","Protection","1200","5.0 Lakhs","30 yr","[""Simple term cover""]","Retail"
"848","Bajaj Allianz","Health Guard - 20L","Health","Individual","3936","20.0 Lakhs","1 yr","[""Pre-post hospitalization""]","Popular"
"849","Care Health","Care Freedom - 5L","Health","Individual","1392","5.0 Lakhs","1 yr","[""No sub-limits"","" wide network""]","Popular"
"850","Bajaj Allianz","Two Wheeler Insurance - 2L","Motor","Car","1200","2.0 Lakhs","1 yr","[""Own damage + third party"","" add-ons""]","Common"
"851","PNB MetLife","Term Plan Plus - 100L","Term Life","Protection","8604","1.0 Cr","15 yr","[""Accidental death benefit optional""]","High claim settlement"
"852","Tata AIG","Gap Protect - 10L","Health","Individual","1788","10.0 Lakhs","1 yr","[""Top-up over base policy""]","Supplementary"
"853","Max Life","Term Plan Plus - 20L","Term Life","Protection","1884","20.0 Lakhs","15 yr","[""Accidental death benefit optional""]","High claim settlement"
"854","ICICI Lombard","Complete Health Insurance - 5L","Health","Individual","1200","5.0 Lakhs","1 yr","[""Network hospitals"","" pre/post cover"","" Online""]","Large network"
"855","PNB MetLife","Mera Term Plan - 10L","Term Life","Protection","1200","10.0 Lakhs","15 yr","[""Simple term cover""]","Retail"
"856","HDFC Life","Click 2 Protect Term - 100L","Term Life","Protection","9624","1.0 Cr","30 yr","[""Critical illness rider"","" online""]","Top seller"
"857","Tata AIG","Car Insurance - 3L","Motor","Car","1356","3.0 Lakhs","1 yr","[""Add-ons"","" roadside assistance""]","Retail"
"858","Tata AIG","Mera Term Plan - 10L","Term Life","Protection","1200","10.0 Lakhs","25 yr","[""Simple term cover""]","Retail"
"859","New India Assurance","eShield - 20L","Term Life","Protection","1872","20.0 Lakhs","25 yr","[""Online term plan""]","Trusted"
"860","Tata AIG","Mera Term Plan - 10L","Term Life","Protection","1296","10.0 Lakhs","20 yr","[""Simple term cover""]","Retail"
"861","Max Bupa (Care)","Term Plan Plus - 100L","Term Life","Protection","10416","1.0 Cr","25 yr","[""Accidental death benefit optional""]","High claim settlement"
"862","Apollo Munich (Niva)","iProtect Smart - 50L","Term Life","Protection","6372","50.0 Lakhs","20 yr","[""Optional CI"","" accidental cover""]","Featured"
"863","Future Generali","Complete Health Insurance - 2L","Health","Individual","1200","2.0 Lakhs","1 yr","[""Network hospitals"","" pre/post cover""]","Large network"
"864","Axis Life","iProtect Smart - 10L","Term Life","Protection","1200","10.0 Lakhs","25 yr","[""Optional CI"","" accidental cover""]","Featured"
"865","Care Health","Care Freedom - 3L","Health","Individual","1200","3.0 Lakhs","1 yr","[""No sub-limits"","" wide network""]","Popular"
"866","LIC","Digi Term - 5L","Term Life","Protection","1200","5.0 Lakhs","20 yr","[""Online purchase"","" basic term cover"","" Online""]","Popular"
"867","Kotak Life","Kotak Term Life - 10L","Term Life","Protection","1200","10.0 Lakhs","25 yr","[""Riders"","" online buy""]","Retail"
"868","LIC","Digi Term - 10L","Term Life","Protection","1200","10.0 Lakhs","30 yr","[""Online purchase"","" basic term cover"","" Online""]","Popular"
"869","Max Life","Term Plan Plus - 5L","Term Life","Protection","1200","5.0 Lakhs","10 yr","[""Accidental death benefit optional""]","High claim settlement"
"870","Bajaj Allianz","Health Guard - 10L","Health","Individual","2520","10.0 Lakhs","1 yr","[""Pre-post hospitalization""]","Popular"
"871","Tata AIG","Car Insurance - 1L","Motor","Car","1200","1.0 Lakhs","1 yr","[""Add-ons"","" roadside assistance""]","Retail"
"872","SBI Life","eShield - 10L","Term Life","Protection","1344","10.0 Lakhs","10 yr","[""Online term plan"","" Online""]","Trusted"
"873","ICICI Lombard","Complete Health Insurance - 20L","Health","Individual","4068","20.0 Lakhs","1 yr","[""Network hospitals"","" pre/post cover""]","Large network"
"874","ICICI Lombard","Digi Term - 20L","Term Life","Protection","2316","20.0 Lakhs","10 yr","[""Online purchase"","" basic term cover""]","Popular"
"875","Bajaj Allianz","Car Insurance - Private Car - 5L","Motor","Car","3420","5.0 Lakhs","1 yr","[""Comprehensive and third-party"","" Online""]","Public sector"
"876","Star Health","Comprehensive Health Insurance - 3L","Health","Individual","1200","3.0 Lakhs","1 yr","[""Cashless network"","" waiting period""]","Top health"
"877","Bajaj Allianz","Two Wheeler Insurance - 1L","Motor","Car","1200","1.0 Lakhs","1 yr","[""Own damage + third party"","" add-ons""]","Common"
"878","LIC","Digi Term - 5L","Term Life","Protection","1200","5.0 Lakhs","15 yr","[""Online purchase"","" basic term cover""]","Popular"
"879","Max Life","Care Freedom - 10L","Health","Individual","1788","10.0 Lakhs","1 yr","[""No sub-limits"","" wide network""]","Popular"
"880","Max Life","Term Plan Plus - 5L","Term Life","Protection","1200","5.0 Lakhs","20 yr","[""Accidental death benefit optional""]","High claim settlement"
"881","Tata AIG","Gap Protect - 10L","Health","Individual","1776","10.0 Lakhs","1 yr","[""Top-up over base policy"","" Online""]","Supplementary"
"882","New India Assurance","Car Insurance - Private Car - 5L","Motor","Car","3180","5.0 Lakhs","1 yr","[""Comprehensive and third-party""]","Public sector"
"883","HDFC Life","Click 2 Protect Term - 10L","Term Life","Protection","1200","10.0 Lakhs","30 yr","[""Critical illness rider"","" online"","" Online""]","Top seller"
"884","Bajaj Allianz","Two Wheeler Insurance - 3L","Motor","Car","2016","3.0 Lakhs","1 yr","[""Own damage + third party"","" add-ons"","" Online""]","Common"
"885","Bajaj Allianz","Health Guard - 2L","Health","Individual","1200","2.0 Lakhs","1 yr","[""Pre-post hospitalization""]","Popular"
"886","Care Health","Care Freedom - 2L","Health","Individual","1200","2.0 Lakhs","1 yr","[""No sub-limits"","" wide network""]","Popular"
"887","PNB MetLife","Complete Health Insurance - 3L","Health","Individual","1200","3.0 Lakhs","1 yr","[""Network hospitals"","" pre/post cover""]","Large network"
"888","PNB MetLife","Mera Term Plan - 10L","Term Life","Protection","1200","10.0 Lakhs","10 yr","[""Simple term cover""]","Retail"
"889","Apollo Munich (Niva)","Care Freedom - 20L","Health","Individual","4428","20.0 Lakhs","1 yr","[""No sub-limits"","" wide network""]","Popular"
"890","Star Health","Comprehensive Health Insurance - 2L","Health","Individual","1200","2.0 Lakhs","1 yr","[""Cashless network"","" waiting period""]","Top health"
"891","Cigna TTK","Comprehensive Health Insurance - 2L","Health","Individual","1200","2.0 Lakhs","1 yr","[""Cashless network"","" waiting period""]","Top health"
"892","Bajaj Allianz","Care Freedom - 5L","Health","Individual","1200","5.0 Lakhs","1 yr","[""No sub-limits"","" wide network"","" Online""]","Popular"
"893","Tata AIG","Car Insurance - 3L","Motor","Car","1332","3.0 Lakhs","1 yr","[""Add-ons"","" roadside assistance""]","Retail"
"894","Bajaj Allianz","Health Guard - 10L","Health","Individual","2316","10.0 Lakhs","1 yr","[""Pre-post hospitalization""]","Popular"
"895","Reliance General","Comprehensive Health Insurance - 2L","Health","Individual","1200","2.0 Lakhs","1 yr","[""Cashless network"","" waiting period""]","Top health"
"896","Kotak Life","Kotak Term Life - 10L","Term Life","Protection","1200","10.0 Lakhs","20 yr","[""Riders"","" online buy""]","Retail"
"897","PNB MetLife","Mera Term Plan - 50L","Term Life","Protection","5340","50.0 Lakhs","10 yr","[""Simple term cover""]","Retail"
"898","Bajaj Allianz General","Mera Term Plan - 100L","Term Life","Protection","9252","1.0 Cr","10 yr","[""Simple term cover""]","Retail"
"899","New India Assurance","Car Insurance - Private Car - 3L","Motor","Car","1920","3.0 Lakhs","1 yr","[""Comprehensive and third-party"","" Online""]","Public sector"
"900","Kotak Life","Comprehensive Health Insurance - 10L","Health","Individual","2712","10.0 Lakhs","1 yr","[""Cashless network"","" waiting period"","" Online""]","Top health"
"901","Oriental Insurance","Kotak Term Life - 100L","Term Life","Protection","9492","1.0 Cr","15 yr","[""Riders"","" online buy""]","Retail"
"902","Max Bupa (Care)","Digi Term - 10L","Term Life","Protection","1200","10.0 Lakhs","20 yr","[""Online purchase"","" basic term cover""]","Popular"
"903","SBI Life","eShield - 100L","Term Life","Protection","8616","1.0 Cr","20 yr","[""Online term plan""]","Trusted"
"904","ICICI Lombard","Complete Health Insurance - 5L","Health","Individual","1260","5.0 Lakhs","1 yr","[""Network hospitals"","" pre/post cover""]","Large network"
"905","ICICI Prudential","iProtect Smart - 100L","Term Life","Protection","10332","1.0 Cr","15 yr","[""Optional CI"","" accidental cover""]","Featured"
"906","Tata AIG","Car Insurance - 5L","Motor","Car","2916","5.0 Lakhs","1 yr","[""Add-ons"","" roadside assistance"","" Online""]","Retail"
"907","SBI General","Digi Term - 100L","Term Life","Protection","10488","1.0 Cr","20 yr","[""Online purchase"","" basic term cover""]","Popular"
"908","Bajaj Allianz","Two Wheeler Insurance - 5L","Motor","Car","3000","5.0 Lakhs","1 yr","[""Own damage + third party"","" add-ons""]","Common"
"909","PNB MetLife","eShield - 50L","Term Life","Protection","4380","50.0 Lakhs","20 yr","[""Online term plan"","" Online""]","Trusted"
"910","Bajaj Allianz","Health Guard - 10L","Health","Individual","1944","10.0 Lakhs","1 yr","[""Pre-post hospitalization"","" Online""]","Popular"
"911","Reliance Life","Kotak Term Life - 20L","Term Life","Protection","2040","20.0 Lakhs","25 yr","[""Riders"","" online buy""]","Retail"
"912","HDFC Life","Click 2 Protect Term - 50L","Term Life","Protection","5136","50.0 Lakhs","10 yr","[""Critical illness rider"","" online"","" Online""]","Top seller"
"913","LIC","Digi Term - 50L","Term Life","Protection","4500","50.0 Lakhs","30 yr","[""Online purchase"","" basic term cover""]","Popular"
"914","The Oriental Insurance Co","iProtect Smart - 100L","Term Life","Protection","10476","1.0 Cr","20 yr","[""Optional CI"","" accidental cover""]","Featured"
"915","ICICI Lombard","Complete Health Insurance - 5L","Health","Individual","1200","5.0 Lakhs","1 yr","[""Network hospitals"","" pre/post cover""]","Large network"
"916","ICICI Lombard","Complete Health Insurance - 3L","Health","Individual","1200","3.0 Lakhs","1 yr","[""Network hospitals"","" pre/post cover"","" Online""]","Large network"
"917","Max Life","Term Plan Plus - 50L","Term Life","Protection","4440","50.0 Lakhs","20 yr","[""Accidental death benefit optional"","" Online""]","High claim settlement"
"918","Reliance Life","iProtect Smart - 20L","Term Life","Protection","1608","20.0 Lakhs","25 yr","[""Optional CI"","" accidental cover"","" Online""]","Featured"
"919","ICICI Lombard","Complete Health Insurance - 20L","Health","Individual","3648","20.0 Lakhs","1 yr","[""Network hospitals"","" pre/post cover""]","Large network"
"920","PNB MetLife","Mera Term Plan - 100L","Term Life","Protection","7788","1.0 Cr","30 yr","[""Simple term cover"","" Online""]","Retail"
"921","HDFC Life","Comprehensive Health Insurance - 20L","Health","Individual","4776","20.0 Lakhs","1 yr","[""Cashless network"","" waiting period"","" Online""]","Top health"
"922","ICICI Lombard","Complete Health Insurance - 2L","Health","Individual","1200","2.0 Lakhs","1 yr","[""Network hospitals"","" pre/post cover""]","Large network"
"923","PNB MetLife","Mera Term Plan - 50L","Term Life","Protection","6444","50.0 Lakhs","15 yr","[""Simple term cover"","" Online""]","Retail"
"924","Bharti AXA","Gap Protect - 10L","Health","Individual","2256","10.0 Lakhs","1 yr","[""Top-up over base policy"","" Online""]","Supplementary"
"925","Star Health","Comprehensive Health Insurance - 20L","Health","Individual","4956","20.0 Lakhs","1 yr","[""Cashless network"","" waiting period""]","Top health"
"926","ICICI Lombard","Health Guard - 5L","Health","Individual","1200","5.0 Lakhs","1 yr","[""Pre-post hospitalization""]","Popular"
"927","Reliance Life","Term Plan Plus - 5L","Term Life","Protection","1200","5.0 Lakhs","30 yr","[""Accidental death benefit optional""]","High claim settlement"
"928","PNB MetLife","Mera Term Plan - 10L","Term Life","Protection","1200","10.0 Lakhs","10 yr","[""Simple term cover""]","Retail"
"929","Shriram Life","Car Insurance - Private Car - 3L","Motor","Car","1740","3.0 Lakhs","1 yr","[""Comprehensive and third-party"","" Online""]","Public sector"
"930","Bajaj Allianz","Car Insurance - 1L","Motor","Car","1200","1.0 Lakhs","1 yr","[""Add-ons"","" roadside assistance""]","Retail"
"931","IFFCO Tokio","Care Freedom - 20L","Health","Individual","5784","20.0 Lakhs","1 yr","[""No sub-limits"","" wide network""]","Popular"
"932","Reliance General","Car Insurance - Private Car - 1L","Motor","Car","1200","1.0 Lakhs","1 yr","[""Comprehensive and third-party""]","Public sector"
"933","Bajaj Allianz","Two Wheeler Insurance - 3L","Motor","Car","2004","3.0 Lakhs","1 yr","[""Own damage + third party"","" add-ons""]","Common"
"934","ICICI Lombard","Complete Health Insurance - 5L","Health","Individual","1488","5.0 Lakhs","1 yr","[""Network hospitals"","" pre/post cover""]","Large network"
"935","Edelweiss Tokio","Two Wheeler Insurance - 5L","Motor","Car","2520","5.0 Lakhs","1 yr","[""Own damage + third party"","" add-ons"","" Online""]","Common"
"936","ICICI Lombard","Complete Health Insurance - 5L","Health","Individual","1200","5.0 Lakhs","1 yr","[""Network hospitals"","" pre/post cover""]","Large network"
"937","Bajaj Allianz","Health Guard - 5L","Health","Individual","1452","5.0 Lakhs","1 yr","[""Pre-post hospitalization""]","Popular"
"938","Max Life","Term Plan Plus - 100L","Term Life","Protection","11472","1.0 Cr","30 yr","[""Accidental death benefit optional""]","High claim settlement"
"939","SBI Life","Comprehensive Health Insurance - 3L","Health","Individual","1200","3.0 Lakhs","1 yr","[""Cashless network"","" waiting period""]","Top health"
"940","HDFC Life","Click 2 Protect Term - 50L","Term Life","Protection","4668","50.0 Lakhs","20 yr","[""Critical illness rider"","" online""]","Top seller"
"941","Reliance General","Term Plan Plus - 20L","Term Life","Protection","2028","20.0 Lakhs","15 yr","[""Accidental death benefit optional""]","High claim settlement"
"942","SBI Life","eShield - 100L","Term Life","Protection","8088","1.0 Cr","15 yr","[""Online term plan""]","Trusted"
"943","New India Assurance","Car Insurance - Private Car - 1L","Motor","Car","1200","1.0 Lakhs","1 yr","[""Comprehensive and third-party""]","Public sector"
"944","ICICI Prudential","iProtect Smart - 50L","Term Life","Protection","5100","50.0 Lakhs","25 yr","[""Optional CI"","" accidental cover"","" Online""]","Featured"
"945","The Oriental Insurance Co","Term Plan Plus - 5L","Term Life","Protection","1200","5.0 Lakhs","30 yr","[""Accidental death benefit optional""]","High claim settlement"
"946","Tata AIG","Gap Protect - 3L","Health","Individual","1200","3.0 Lakhs","1 yr","[""Top-up over base policy"","" Online""]","Supplementary"
"947","Tata AIG","Gap Protect - 10L","Health","Individual","1668","10.0 Lakhs","1 yr","[""Top-up over base policy""]","Supplementary"
"948","Tata AIG","Kotak Term Life - 5L","Term Life","Protection","1200","5.0 Lakhs","10 yr","[""Riders"","" online buy"","" Online""]","Retail"
"949","Star Health","Comprehensive Health Insurance - 20L","Health","Individual","4968","20.0 Lakhs","1 yr","[""Cashless network"","" waiting period""]","Top health"
"950","Kotak Life","Kotak Term Life - 20L","Term Life","Protection","1824","20.0 Lakhs","15 yr","[""Riders"","" online buy""]","Retail"
"951","Bajaj Allianz","Two Wheeler Insurance - 1L","Motor","Car","1200","1.0 Lakhs","1 yr","[""Own damage + third party"","" add-ons""]","Common"
"952","Care Health","Car Insurance - 1L","Motor","Car","1200","1.0 Lakhs","1 yr","[""Add-ons"","" roadside assistance""]","Retail"
"953","Kotak Life","Kotak Term Life - 20L","Term Life","Protection","2328","20.0 Lakhs","10 yr","[""Riders"","" online buy"","" Online""]","Retail"
"954","ICICI Prudential","iProtect Smart - 10L","Term Life","Protection","1200","10.0 Lakhs","10 yr","[""Optional CI"","" accidental cover""]","Featured"
"955","Future Generali","Term Plan Plus - 100L","Term Life","Protection","8244","1.0 Cr","30 yr","[""Accidental death benefit optional""]","High claim settlement"
"956","SBI Life","eShield - 5L","Term Life","Protection","1200","5.0 Lakhs","25 yr","[""Online term plan""]","Trusted"
"957","Reliance General","Gap Protect - 5L","Health","Individual","1200","5.0 Lakhs","1 yr","[""Top-up over base policy""]","Supplementary"
"958","Max Life","Term Plan Plus - 10L","Term Life","Protection","1200","10.0 Lakhs","15 yr","[""Accidental death benefit optional""]","High claim settlement"
"959","Tata AIG","Car Insurance - 5L","Motor","Car","3132","5.0 Lakhs","1 yr","[""Add-ons"","" roadside assistance""]","Retail"
"960","Kotak Life","Kotak Term Life - 10L","Term Life","Protection","1200","10.0 Lakhs","30 yr","[""Riders"","" online buy""]","Retail"
"961","Star Health","Comprehensive Health Insurance - 20L","Health","Individual","3456","20.0 Lakhs","1 yr","[""Cashless network"","" waiting period""]","Top health"
"962","ICICI Lombard","Complete Health Insurance - 20L","Health","Individual","3612","20.0 Lakhs","1 yr","[""Network hospitals"","" pre/post cover""]","Large network"
"963","Bajaj Allianz","Health Guard - 3L","Health","Individual","1200","3.0 Lakhs","1 yr","[""Pre-post hospitalization"","" Online""]","Popular"
"964","ICICI Lombard","Complete Health Insurance - 2L","Health","Individual","1200","2.0 Lakhs","1 yr","[""Network hospitals"","" pre/post cover""]","Large network"
"965","Tata AIG","Car Insurance - 3L","Motor","Car","2088","3.0 Lakhs","1 yr","[""Add-ons"","" roadside assistance""]","Retail"
"966","Care Health","Care Freedom - 2L","Health","Individual","1200","2.0 Lakhs","1 yr","[""No sub-limits"","" wide network"","" Online""]","Popular"
"967","Care Health","Care Freedom - 2L","Health","Individual","1200","2.0 Lakhs","1 yr","[""No sub-limits"","" wide network""]","Popular"
"968","LIC","Click 2 Protect Term - 5L","Term Life","Protection","1200","5.0 Lakhs","20 yr","[""Critical illness rider"","" online"","" Online""]","Top seller"
"969","Oriental Insurance","Two Wheeler Insurance - 3L","Motor","Car","2028","3.0 Lakhs","1 yr","[""Own damage + third party"","" add-ons""]","Common"
"970","ICICI Prudential","Kotak Term Life - 50L","Term Life","Protection","4932","50.0 Lakhs","10 yr","[""Riders"","" online buy""]","Retail"
"971","HDFC Life","Click 2 Protect Term - 100L","Term Life","Protection","9168","1.0 Cr","25 yr","[""Critical illness rider"","" online""]","Top seller"
"972","Kotak Life","Kotak Term Life - 5L","Term Life","Protection","1200","5.0 Lakhs","20 yr","[""Riders"","" online buy""]","Retail"
"973","ICICI Lombard","Complete Health Insurance - 3L","Health","Individual","1200","3.0 Lakhs","1 yr","[""Network hospitals"","" pre/post cover"","" Online""]","Large network"
"974","Reliance Life","eShield - 5L","Term Life","Protection","1200","5.0 Lakhs","10 yr","[""Online term plan""]","Trusted"
"975","Tata AIG","Gap Protect - 3L","Health","Individual","1200","3.0 Lakhs","1 yr","[""Top-up over base policy"","" Online""]","Supplementary"
"976","Star Health","Car Insurance - 50000","Motor","Car","1200","50000","1 yr","[""Add-ons"","" roadside assistance""]","Retail"
"977","SBI Life","eShield - 5L","Term Life","Protection","1200","5.0 Lakhs","15 yr","[""Online term plan"","" Online""]","Trusted"
"978","HDFC Life","Gap Protect - 20L","Health","Individual","4584","20.0 Lakhs","1 yr","[""Top-up over base policy""]","Supplementary"
"979","SBI Life","eShield - 10L","Term Life","Protection","1200","10.0 Lakhs","30 yr","[""Online term plan"","" Online""]","Trusted"
"980","Tata AIG","Complete Health Insurance - 3L","Health","Individual","1200","3.0 Lakhs","1 yr","[""Network hospitals"","" pre/post cover""]","Large network"
"981","Universal Sompo","Digi Term - 50L","Term Life","Protection","5112","50.0 Lakhs","30 yr","[""Online purchase"","" basic term cover""]","Popular"
"982","Max Life","Term Plan Plus - 100L","Term Life","Protection","10536","1.0 Cr","25 yr","[""Accidental death benefit optional""]","High claim settlement"
"983","New India Assurance","Car Insurance - Private Car - 3L","Motor","Car","1584","3.0 Lakhs","1 yr","[""Comprehensive and third-party""]","Public sector"
"984","ICICI Lombard","Complete Health Insurance - 10L","Health","Individual","1872","10.0 Lakhs","1 yr","[""Network hospitals"","" pre/post cover""]","Large network"
"985","Star Health","Click 2 Protect Term - 20L","Term Life","Protection","2484","20.0 Lakhs","10 yr","[""Critical illness rider"","" online"","" Online""]","Top seller"
"986","Max Life","Term Plan Plus - 100L","Term Life","Protection","10356","1.0 Cr","30 yr","[""Accidental death benefit optional"","" Online""]","High claim settlement"
"987","PNB MetLife","Mera Term Plan - 100L","Term Life","Protection","9528","1.0 Cr","15 yr","[""Simple term cover""]","Retail"
"988","Aditya Birla Health","Term Plan Plus - 10L","Term Life","Protection","1200","10.0 Lakhs","15 yr","[""Accidental death benefit optional""]","High claim settlement"
"989","Tata AIG","Gap Protect - 20L","Health","Individual","3984","20.0 Lakhs","1 yr","[""Top-up over base policy""]","Supplementary"
"990","ICICI Lombard","Complete Health Insurance - 5L","Health","Individual","1200","5.0 Lakhs","1 yr","[""Network hospitals"","" pre/post cover""]","Large network"
"991","Max Life","Term Plan Plus - 100L","Term Life","Protection","8664","1.0 Cr","25 yr","[""Accidental death benefit optional""]","High claim settlement"
"992","HDFC Life","Health Guard - 3L","Health","Individual","1200","3.0 Lakhs","1 yr","[""Pre-post hospitalization"","" Online""]","Popular"
"993","Kotak Life","Kotak Term Life - 10L","Term Life","Protection","1200","10.0 Lakhs","10 yr","[""Riders"","" online buy""]","Retail"
"994","New India Assurance","Car Insurance - Private Car - 1L","Motor","Car","1200","1.0 Lakhs","1 yr","[""Comprehensive and third-party""]","Public sector"
"995","Kotak Life","Kotak Term Life - 100L","Term Life","Protection","11004","1.0 Cr","20 yr","[""Riders"","" online buy""]","Retail"
"996","LIC","Car Insurance - Private Car - 3L","Motor","Car","1692","3.0 Lakhs","1 yr","[""Comprehensive and third-party""]","Public sector"
"997","LIC","iProtect Smart - 10L","Term Life","Protection","1200","10.0 Lakhs","30 yr","[""Optional CI"","" accidental cover""]","Featured"
"998","PNB MetLife","Click 2 Protect Term - 5L","Term Life","Protection","1200","5.0 Lakhs","10 yr","[""Critical illness rider"","" online""]","Top seller"
"999","Aditya Birla Health","Click 2 Protect Term - 10L","Term Life","Protection","1200","10.0 Lakhs","30 yr","[""Critical illness rider"","" online""]","Top seller"
"1000","The Oriental Insurance Co","Two Wheeler Insurance - 3L","Motor","Car","1860","3.0 Lakhs","1 yr","[""Own damage + third party"","" add-ons"","" Online""]","Common"
"1001","ICICI Lombard","Complete Health Insurance - 2L","Health","Individual","1200","2.0 Lakhs","1 yr","[""Network hospitals"","" pre/post cover""]","Large network"
"1002","Max Life","Term Plan Plus - 50L","Term Life","Protection","5652","50.0 Lakhs","15 yr","[""Accidental death benefit optional""]","High claim settlement"
"1003","SBI Life","eShield - 100L","Term Life","Protection","9108","1.0 Cr","20 yr","[""Online term plan""]","Trusted"
"1004","Kotak Life","Comprehensive Health Insurance - 20L","Health","Individual","4920","20.0 Lakhs","1 yr","[""Cashless network"","" waiting period"","" Online""]","Top health"
"1005","Axis Life","Two Wheeler Insurance - 50000","Motor","Car","1200","50000","1 yr","[""Own damage + third party"","" add-ons""]","Common"
"1006","Bajaj Allianz","Health Guard - 2L","Health","Individual","1200","2.0 Lakhs","1 yr","[""Pre-post hospitalization""]","Popular"
"1007","HDFC Life","Care Freedom - 20L","Health","Individual","4776","20.0 Lakhs","1 yr","[""No sub-limits"","" wide network""]","Popular"
"1008","SBI Life","eShield - 100L","Term Life","Protection","8076","1.0 Cr","25 yr","[""Online term plan"","" Online""]","Trusted"
"1009","Tata AIG","Gap Protect - 20L","Health","Individual","4404","20.0 Lakhs","1 yr","[""Top-up over base policy"","" Online""]","Supplementary"
"1010","Kotak Life","Kotak Term Life - 10L","Term Life","Protection","1200","10.0 Lakhs","30 yr","[""Riders"","" online buy""]","Retail"
"1011","Future Generali","Care Freedom - 3L","Health","Individual","1200","3.0 Lakhs","1 yr","[""No sub-limits"","" wide network""]","Popular"
"1012","Max Life","Care Freedom - 5L","Health","Individual","1248","5.0 Lakhs","1 yr","[""No sub-limits"","" wide network"","" Online""]","Popular"
"1013","Max Bupa (Care)","Car Insurance - Private Car - 2L","Motor","Car","1200","2.0 Lakhs","1 yr","[""Comprehensive and third-party"","" Online""]","Public sector"
"1014","HDFC Life","Click 2 Protect Term - 100L","Term Life","Protection","11760","1.0 Cr","30 yr","[""Critical illness rider"","" online""]","Top seller"
"1015","Bajaj Allianz","Two Wheeler Insurance - 3L","Motor","Car","1536","3.0 Lakhs","1 yr","[""Own damage + third party"","" add-ons""]","Common"
"1016","Care Health","Care Freedom - 20L","Health","Individual","5148","20.0 Lakhs","1 yr","[""No sub-limits"","" wide network""]","Popular"
"1017","Reliance General","Term Plan Plus - 5L","Term Life","Protection","1200","5.0 Lakhs","10 yr","[""Accidental death benefit optional""]","High claim settlement"
"1018","Bajaj Allianz","Two Wheeler Insurance - 3L","Motor","Car","1620","3.0 Lakhs","1 yr","[""Own damage + third party"","" add-ons"","" Online""]","Common"
"1019","Max Life","Term Plan Plus - 20L","Term Life","Protection","1680","20.0 Lakhs","10 yr","[""Accidental death benefit optional""]","High claim settlement"
"1020","ICICI Lombard","Complete Health Insurance - 10L","Health","Individual","1692","10.0 Lakhs","1 yr","[""Network hospitals"","" pre/post cover""]","Large network"
"1021","HDFC Life","Click 2 Protect Term - 20L","Term Life","Protection","1704","20.0 Lakhs","25 yr","[""Critical illness rider"","" online""]","Top seller"
"1022","Max Life","Click 2 Protect Term - 10L","Term Life","Protection","1200","10.0 Lakhs","30 yr","[""Critical illness rider"","" online""]","Top seller"
"1023","ICICI Prudential","iProtect Smart - 20L","Term Life","Protection","1548","20.0 Lakhs","25 yr","[""Optional CI"","" accidental cover""]","Featured"
"1024","Care Health","Care Freedom - 2L","Health","Individual","1200","2.0 Lakhs","1 yr","[""No sub-limits"","" wide network"","" Online""]","Popular"
"1025","Bajaj Allianz","Two Wheeler Insurance - 5L","Motor","Car","2544","5.0 Lakhs","1 yr","[""Own damage + third party"","" add-ons"","" Online""]","Common"
"1026","HDFC Life","Digi Term - 100L","Term Life","Protection","9540","1.0 Cr","25 yr","[""Online purchase"","" basic term cover""]","Popular"
"1027","New India Assurance","Kotak Term Life - 10L","Term Life","Protection","1200","10.0 Lakhs","20 yr","[""Riders"","" online buy""]","Retail"
"1028","Bajaj Allianz","Health Guard - 10L","Health","Individual","2004","10.0 Lakhs","1 yr","[""Pre-post hospitalization""]","Popular"
"1029","SBI Life","Health Guard - 3L","Health","Individual","1200","3.0 Lakhs","1 yr","[""Pre-post hospitalization""]","Popular"
"1030","Care Health","Care Freedom - 20L","Health","Individual","4296","20.0 Lakhs","1 yr","[""No sub-limits"","" wide network""]","Popular"
"1031","Aditya Birla Health","Two Wheeler Insurance - 3L","Motor","Car","1656","3.0 Lakhs","1 yr","[""Own damage + third party"","" add-ons""]","Common"
"1032","Shriram Life","Kotak Term Life - 50L","Term Life","Protection","4884","50.0 Lakhs","25 yr","[""Riders"","" online buy"","" Online""]","Retail"
"1033","Bajaj Allianz","Two Wheeler Insurance - 3L","Motor","Car","1428","3.0 Lakhs","1 yr","[""Own damage + third party"","" add-ons""]","Common"
"1034","Bajaj Allianz","Health Guard - 20L","Health","Individual","5784","20.0 Lakhs","1 yr","[""Pre-post hospitalization""]","Popular"
"1035","Care Health","Care Freedom - 5L","Health","Individual","1548","5.0 Lakhs","1 yr","[""No sub-limits"","" wide network""]","Popular"
"1036","Bajaj Allianz","Two Wheeler Insurance - 1L","Motor","Car","1200","1.0 Lakhs","1 yr","[""Own damage + third party"","" add-ons"","" Online""]","Common"
"1037","Tata AIG","Car Insurance - 3L","Motor","Car","2016","3.0 Lakhs","1 yr","[""Add-ons"","" roadside assistance""]","Retail"
"1038","LIC","Digi Term - 10L","Term Life","Protection","1200","10.0 Lakhs","30 yr","[""Online purchase"","" basic term cover""]","Popular"
"1039","SBI Life","eShield - 50L","Term Life","Protection","5724","50.0 Lakhs","25 yr","[""Online term plan"","" Online""]","Trusted"
"1040","LIC","Digi Term - 20L","Term Life","Protection","1584","20.0 Lakhs","25 yr","[""Online purchase"","" basic term cover""]","Popular"
"1041","ICICI Prudential","iProtect Smart - 20L","Term Life","Protection","1872","20.0 Lakhs","25 yr","[""Optional CI"","" accidental cover""]","Featured"
"1042","HDFC Life","Click 2 Protect Term - 50L","Term Life","Protection","4392","50.0 Lakhs","20 yr","[""Critical illness rider"","" online""]","Top seller"
"1043","HDFC Life","Click 2 Protect Term - 20L","Term Life","Protection","2316","20.0 Lakhs","10 yr","[""Critical illness rider"","" online""]","Top seller"
"1044","ICICI Lombard","Complete Health Insurance - 3L","Health","Individual","1200","3.0 Lakhs","1 yr","[""Network hospitals"","" pre/post cover""]","Large network"
"1045","Oriental Insurance","eShield - 10L","Term Life","Protection","1200","10.0 Lakhs","15 yr","[""Online term plan""]","Trusted"
"1046","Tata AIG","Gap Protect - 20L","Health","Individual","3636","20.0 Lakhs","1 yr","[""Top-up over base policy""]","Supplementary"
"1047","SBI Life","eShield - 5L","Term Life","Protection","1200","5.0 Lakhs","30 yr","[""Online term plan""]","Trusted"
"1048","Star Health","Comprehensive Health Insurance - 10L","Health","Individual","1884","10.0 Lakhs","1 yr","[""Cashless network"","" waiting period""]","Top health"
"1049","HDFC Life","Complete Health Insurance - 20L","Health","Individual","4764","20.0 Lakhs","1 yr","[""Network hospitals"","" pre/post cover""]","Large network"
"1050","Star Health","Comprehensive Health Insurance - 10L","Health","Individual","2172","10.0 Lakhs","1 yr","[""Cashless network"","" waiting period""]","Top health"
"1051","PNB MetLife","Mera Term Plan - 100L","Term Life","Protection","9660","1.0 Cr","30 yr","[""Simple term cover""]","Retail"
"1052","SBI Life","eShield - 10L","Term Life","Protection","1200","10.0 Lakhs","20 yr","[""Online term plan""]","Trusted"
"1053","ICICI Prudential","iProtect Smart - 50L","Term Life","Protection","5640","50.0 Lakhs","15 yr","[""Optional CI"","" accidental cover""]","Featured"
"1054","Bharti AXA","Two Wheeler Insurance - 5L","Motor","Car","2580","5.0 Lakhs","1 yr","[""Own damage + third party"","" add-ons"","" Online""]","Common"
"1055","New India Assurance","Comprehensive Health Insurance - 2L","Health","Individual","1200","2.0 Lakhs","1 yr","[""Cashless network"","" waiting period""]","Top health"
"1056","Universal Sompo","eShield - 100L","Term Life","Protection","9624","1.0 Cr","30 yr","[""Online term plan""]","Trusted"
"1057","LIC","Car Insurance - Private Car - 1L","Motor","Car","1200","1.0 Lakhs","1 yr","[""Comprehensive and third-party""]","Public sector"
"1058","SBI Life","eShield - 20L","Term Life","Protection","2052","20.0 Lakhs","15 yr","[""Online term plan""]","Trusted"
"1059","SBI General","Car Insurance - 3L","Motor","Car","1872","3.0 Lakhs","1 yr","[""Add-ons"","" roadside assistance""]","Retail"
"1060","Shriram Life","Term Plan Plus - 20L","Term Life","Protection","1992","20.0 Lakhs","30 yr","[""Accidental death benefit optional""]","High claim settlement"
"1061","Bajaj Allianz","eShield - 10L","Term Life","Protection","1200","10.0 Lakhs","20 yr","[""Online term plan""]","Trusted"
"1062","Kotak Life","Kotak Term Life - 5L","Term Life","Protection","1200","5.0 Lakhs","15 yr","[""Riders"","" online buy""]","Retail"
"1063","New India Assurance","Comprehensive Health Insurance - 10L","Health","Individual","2160","10.0 Lakhs","1 yr","[""Cashless network"","" waiting period""]","Top health"
"1064","Kotak Life","Kotak Term Life - 5L","Term Life","Protection","1200","5.0 Lakhs","30 yr","[""Riders"","" online buy""]","Retail"
"1065","ICICI Prudential","iProtect Smart - 20L","Term Life","Protection","1992","20.0 Lakhs","20 yr","[""Optional CI"","" accidental cover""]","Featured"
"1066","Bajaj Allianz","Gap Protect - 3L","Health","Individual","1200","3.0 Lakhs","1 yr","[""Top-up over base policy""]","Supplementary"
"1067","Reliance General","Kotak Term Life - 10L","Term Life","Protection","1200","10.0 Lakhs","15 yr","[""Riders"","" online buy""]","Retail"
"1068","ICICI Prudential","Mera Term Plan - 50L","Term Life","Protection","5880","50.0 Lakhs","15 yr","[""Simple term cover""]","Retail"
"1069","Care Health","Care Freedom - 2L","Health","Individual","1200","2.0 Lakhs","1 yr","[""No sub-limits"","" wide network"","" Online""]","Popular"
"1070","Kotak Life","Gap Protect - 10L","Health","Individual","1872","10.0 Lakhs","1 yr","[""Top-up over base policy""]","Supplementary"
"1071","Reliance Life","Kotak Term Life - 50L","Term Life","Protection","5292","50.0 Lakhs","20 yr","[""Riders"","" online buy""]","Retail"
"1072","LIC","Care Freedom - 5L","Health","Individual","1224","5.0 Lakhs","1 yr","[""No sub-limits"","" wide network""]","Popular"
"1073","Tata AIG","Car Insurance - 3L","Motor","Car","1968","3.0 Lakhs","1 yr","[""Add-ons"","" roadside assistance""]","Retail"
"1074","LIC","Digi Term - 50L","Term Life","Protection","5796","50.0 Lakhs","10 yr","[""Online purchase"","" basic term cover"","" Online""]","Popular"
"1075","Bajaj Allianz","Health Guard - 10L","Health","Individual","2460","10.0 Lakhs","1 yr","[""Pre-post hospitalization""]","Popular"
"1076","Bharti AXA","Gap Protect - 5L","Health","Individual","1200","5.0 Lakhs","1 yr","[""Top-up over base policy"","" Online""]","Supplementary"
"1077","Oriental Insurance","Comprehensive Health Insurance - 3L","Health","Individual","1200","3.0 Lakhs","1 yr","[""Cashless network"","" waiting period""]","Top health"
"1078","IFFCO Tokio","Car Insurance - Private Car - 50000","Motor","Car","1200","50000","1 yr","[""Comprehensive and third-party"","" Online""]","Public sector"
"1079","HDFC Life","Click 2 Protect Term - 10L","Term Life","Protection","1200","10.0 Lakhs","30 yr","[""Critical illness rider"","" online""]","Top seller"
"1080","Kotak Life","Kotak Term Life - 50L","Term Life","Protection","4476","50.0 Lakhs","15 yr","[""Riders"","" online buy""]","Retail"
"1081","Bajaj Allianz","Car Insurance - Private Car - 2L","Motor","Car","1308","2.0 Lakhs","1 yr","[""Comprehensive and third-party"","" Online""]","Public sector"
"1082","Star Health","Mera Term Plan - 10L","Term Life","Protection","1200","10.0 Lakhs","15 yr","[""Simple term cover"","" Online""]","Retail"
"1083","Bajaj Allianz","Two Wheeler Insurance - 2L","Motor","Car","1200","2.0 Lakhs","1 yr","[""Own damage + third party"","" add-ons""]","Common"
"1084","Tata AIG","Gap Protect - 10L","Health","Individual","1452","10.0 Lakhs","1 yr","[""Top-up over base policy"","" Online""]","Supplementary"
"1085","PNB MetLife","Mera Term Plan - 50L","Term Life","Protection","4860","50.0 Lakhs","20 yr","[""Simple term cover"","" Online""]","Retail"
"1086","Cigna TTK","Term Plan Plus - 100L","Term Life","Protection","11304","1.0 Cr","30 yr","[""Accidental death benefit optional"","" Online""]","High claim settlement"
"1087","New India Assurance","Car Insurance - Private Car - 2L","Motor","Car","1200","2.0 Lakhs","1 yr","[""Comprehensive and third-party""]","Public sector"
"1088","New India Assurance","Car Insurance - Private Car - 50000","Motor","Car","1200","50000","1 yr","[""Comprehensive and third-party"","" Online""]","Public sector"
"1089","Axis Life","Health Guard - 20L","Health","Individual","4920","20.0 Lakhs","1 yr","[""Pre-post hospitalization""]","Popular"
"1090","ICICI Prudential","iProtect Smart - 100L","Term Life","Protection","9936","1.0 Cr","25 yr","[""Optional CI"","" accidental cover"","" Online""]","Featured"
"1091","SBI General","Health Guard - 2L","Health","Individual","1200","2.0 Lakhs","1 yr","[""Pre-post hospitalization"","" Online""]","Popular"
"1092","SBI Life","eShield - 5L","Term Life","Protection","1200","5.0 Lakhs","25 yr","[""Online term plan""]","Trusted"
"1093","PNB MetLife","Mera Term Plan - 50L","Term Life","Protection","5820","50.0 Lakhs","10 yr","[""Simple term cover"","" Online""]","Retail"
"1094","HDFC Life","Click 2 Protect Term - 100L","Term Life","Protection","9876","1.0 Cr","15 yr","[""Critical illness rider"","" online""]","Top seller"
"1095","Oriental Insurance","Two Wheeler Insurance - 50000","Motor","Car","1200","50000","1 yr","[""Own damage + third party"","" add-ons""]","Common"
"1096","Kotak Life","Kotak Term Life - 10L","Term Life","Protection","1200","10.0 Lakhs","10 yr","[""Riders"","" online buy""]","Retail"
"1097","LIC","Digi Term - 10L","Term Life","Protection","1200","10.0 Lakhs","10 yr","[""Online purchase"","" basic term cover""]","Popular"
"1098","ICICI Prudential","iProtect Smart - 20L","Term Life","Protection","2304","20.0 Lakhs","30 yr","[""Optional CI"","" accidental cover""]","Featured"
"1099","ICICI Prudential","iProtect Smart - 20L","Term Life","Protection","1860","20.0 Lakhs","10 yr","[""Optional CI"","" accidental cover""]","Featured"
"1100","ICICI Lombard","Complete Health Insurance - 20L","Health","Individual","4524","20.0 Lakhs","1 yr","[""Network hospitals"","" pre/post cover""]","Large network"
"1101","Star Health","Comprehensive Health Insurance - 20L","Health","Individual","3936","20.0 Lakhs","1 yr","[""Cashless network"","" waiting period"","" Online""]","Top health"
"1102","PNB MetLife","Click 2 Protect Term - 5L","Term Life","Protection","1200","5.0 Lakhs","15 yr","[""Critical illness rider"","" online""]","Top seller"
"1103","LIC","Digi Term - 50L","Term Life","Protection","6072","50.0 Lakhs","20 yr","[""Online purchase"","" basic term cover"","" Online""]","Popular"
"1104","Kotak Life","Kotak Term Life - 50L","Term Life","Protection","4620","50.0 Lakhs","15 yr","[""Riders"","" online buy""]","Retail"
"1105","Star Health","Comprehensive Health Insurance - 2L","Health","Individual","1200","2.0 Lakhs","1 yr","[""Cashless network"","" waiting period""]","Top health"
"1106","Tata AIG","Gap Protect - 3L","Health","Individual","1200","3.0 Lakhs","1 yr","[""Top-up over base policy""]","Supplementary"
"1107","Star Health","Click 2 Protect Term - 20L","Term Life","Protection","1680","20.0 Lakhs","20 yr","[""Critical illness rider"","" online""]","Top seller"
"1108","Star Health","Comprehensive Health Insurance - 20L","Health","Individual","4752","20.0 Lakhs","1 yr","[""Cashless network"","" waiting period"","" Online""]","Top health"
"1109","Star Health","Comprehensive Health Insurance - 10L","Health","Individual","2256","10.0 Lakhs","1 yr","[""Cashless network"","" waiting period""]","Top health"
"1110","PNB MetLife","Mera Term Plan - 5L","Term Life","Protection","1200","5.0 Lakhs","25 yr","[""Simple term cover""]","Retail"
"1111","Aditya Birla Health","Kotak Term Life - 20L","Term Life","Protection","2484","20.0 Lakhs","10 yr","[""Riders"","" online buy""]","Retail"
"1112","HDFC Life","Click 2 Protect Term - 10L","Term Life","Protection","1200","10.0 Lakhs","25 yr","[""Critical illness rider"","" online""]","Top seller"
"1113","Axis Life","iProtect Smart - 5L","Term Life","Protection","1200","5.0 Lakhs","15 yr","[""Optional CI"","" accidental cover""]","Featured"
"1114","Axis Life","Health Guard - 20L","Health","Individual","4152","20.0 Lakhs","1 yr","[""Pre-post hospitalization""]","Popular"
"1115","Care Health","Care Freedom - 20L","Health","Individual","4044","20.0 Lakhs","1 yr","[""No sub-limits"","" wide network""]","Popular"
"1116","SBI Life","eShield - 20L","Term Life","Protection","1812","20.0 Lakhs","25 yr","[""Online term plan"","" Online""]","Trusted"
"1117","Bajaj Allianz General","Click 2 Protect Term - 100L","Term Life","Protection","8472","1.0 Cr","10 yr","[""Critical illness rider"","" online""]","Top seller"
"1118","Star Health","Comprehensive Health Insurance - 20L","Health","Individual","5124","20.0 Lakhs","1 yr","[""Cashless network"","" waiting period"","" Online""]","Top health"
"1119","Max Life","Term Plan Plus - 5L","Term Life","Protection","1200","5.0 Lakhs","10 yr","[""Accidental death benefit optional""]","High claim settlement"